id,source_url,status,type,last_seen,createdAt,updatedAt
17,https://georgeconstructions.com/12-best-patio-floors/,pending,page,2026-01-13T13:36:06.284Z,2026-01-13T13:18:34.925Z,2026-01-13T13:36:06.300Z
18,https://georgeconstructions.com/12-modern-cabinetry-ideas-for-a-modernized-kitchen/,pending,page,2026-01-13T13:36:06.284Z,2026-01-13T13:18:34.992Z,2026-01-13T13:36:06.356Z
19,https://georgeconstructions.com/top-10-closet-companies/,pending,page,2026-01-13T13:36:06.284Z,2026-01-13T13:18:35.065Z,2026-01-13T13:36:06.415Z
20,https://georgeconstructions.com/13-types-of-floor-tiles/,pending,page,2026-01-13T13:36:06.284Z,2026-01-13T13:18:35.135Z,2026-01-13T13:36:06.463Z
21,https://georgeconstructions.com/10-types-of-kitchen-cabinet-designs/,pending,page,2026-01-13T13:36:06.284Z,2026-01-13T13:18:35.206Z,2026-01-13T13:36:06.513Z
22,https://georgeconstructions.com/transform-your-kitchen-the-ultimate-guide-to-modern-design-kitchen-cabinets/,pending,page,2026-01-13T13:36:06.284Z,2026-01-13T13:18:35.270Z,2026-01-13T13:36:06.572Z
23,https://georgeconstructions.com/navy-blue-kitchen-cabinet/,pending,page,2026-01-13T13:36:06.284Z,2026-01-13T13:18:35.334Z,2026-01-13T13:36:06.638Z
24,https://georgeconstructions.com/modern-interior-doors-transform-your-homes-look/,pending,page,2026-01-13T13:36:06.284Z,2026-01-13T13:18:35.401Z,2026-01-13T13:36:06.702Z
25,https://georgeconstructions.com/10-elegant-and-functional-bathroom-vanities/,pending,page,2026-01-13T13:36:06.284Z,2026-01-13T13:18:35.478Z,2026-01-13T13:36:06.758Z
26,https://georgeconstructions.com/top-10-cabinet-maker-company/,pending,page,2026-01-13T13:36:06.284Z,2026-01-13T13:18:35.567Z,2026-01-13T13:36:06.814Z
27,https://georgeconstructions.com/smart-toilets-everything-you-need-to-know/,pending,page,2026-01-13T13:36:06.284Z,2026-01-13T13:18:35.630Z,2026-01-13T13:36:06.867Z
28,https://georgeconstructions.com/high-end-kitchen-cabinets-luxury-and-function/,pending,page,2026-01-13T13:36:06.284Z,2026-01-13T13:18:35.717Z,2026-01-13T13:36:06.927Z
29,https://georgeconstructions.com/which-kitchen-color-sells-houses-best/,pending,page,2026-01-13T13:36:06.284Z,2026-01-13T13:18:35.808Z,2026-01-13T13:36:06.988Z
30,https://georgeconstructions.com/popular-kitchen-cabinet-painting-ideas/,pending,page,2026-01-13T13:36:06.284Z,2026-01-13T13:18:35.883Z,2026-01-13T13:36:07.044Z
31,https://georgeconstructions.com/choose-the-best-pool-tiles-for-your-project/,pending,page,2026-01-13T13:36:06.284Z,2026-01-13T13:18:35.967Z,2026-01-13T13:36:07.123Z
32,https://georgeconstructions.com/smart-home-kitchen-cabinet-pantry-ideas/,pending,page,2026-01-13T13:36:06.284Z,2026-01-13T13:18:36.045Z,2026-01-13T13:36:07.193Z
33,https://georgeconstructions.com/top-15-bathroom-vanities-manufacturers-2024/,pending,page,2026-01-13T13:36:06.284Z,2026-01-13T13:18:36.127Z,2026-01-13T13:36:07.244Z
34,https://georgeconstructions.com/classic-cream-kitchen-cabinets-redefined/,pending,page,2026-01-13T13:36:06.284Z,2026-01-13T13:18:36.189Z,2026-01-13T13:36:07.300Z
35,https://georgeconstructions.com/blue-and-white-kitchen-cabinets-classic-design-inspirations/,pending,page,2026-01-13T13:36:06.284Z,2026-01-13T13:18:36.261Z,2026-01-13T13:36:07.355Z
36,https://georgeconstructions.com/20-simple-minimalist-kitchen-designs-for-big-results/,pending,page,2026-01-13T13:36:06.284Z,2026-01-13T13:18:36.324Z,2026-01-13T13:36:07.419Z
37,https://georgeconstructions.com/top-20-wooden-door-manufacturers-from-china-2025/,pending,page,2026-01-13T13:36:06.284Z,2026-01-13T13:18:36.392Z,2026-01-13T13:36:07.478Z
38,https://georgeconstructions.com/revamp-your-kitchen-the-ultimate-guide-to-modern-design-kitchen-cabinets/,pending,page,2026-01-13T13:36:06.284Z,2026-01-13T13:18:36.463Z,2026-01-13T13:36:07.528Z
39,https://georgeconstructions.com/which-material-is-best-for-an-accordion-door/,pending,page,2026-01-13T13:36:06.284Z,2026-01-13T13:18:36.538Z,2026-01-13T13:36:07.575Z
40,https://georgeconstructions.com/which-screen-door-material-is-best/,pending,page,2026-01-13T13:36:06.284Z,2026-01-13T13:18:36.613Z,2026-01-13T13:36:07.634Z
41,https://georgeconstructions.com/how-to-import-china-windows-and-doors/,pending,page,2026-01-13T13:36:06.284Z,2026-01-13T13:18:36.702Z,2026-01-13T13:36:07.681Z
42,https://georgeconstructions.com/modern-kitchen-design-ideas/,pending,page,2026-01-13T13:36:06.284Z,2026-01-13T13:18:36.802Z,2026-01-13T13:36:07.734Z
43,https://georgeconstructions.com/top-10-best-hardwood-species-for-wide-plank-flooring/,pending,page,2026-01-13T13:36:06.284Z,2026-01-13T13:18:36.872Z,2026-01-13T13:36:07.786Z
44,https://georgeconstructions.com/master-bedroom-and-walk-in-closet-designs/,pending,page,2026-01-13T13:36:06.284Z,2026-01-13T13:18:36.940Z,2026-01-13T13:36:07.834Z
45,https://georgeconstructions.com/top-brown-kitchen-cabinet-ideas-for-modern-trends-of-2025/,pending,page,2026-01-13T13:36:06.284Z,2026-01-13T13:18:37.017Z,2026-01-13T13:36:07.891Z
46,https://georgeconstructions.com/13-best-bathroom-vanity-manufacturers-in-2025/,pending,page,2026-01-13T13:36:06.284Z,2026-01-13T13:18:37.097Z,2026-01-13T13:36:07.939Z
47,https://georgeconstructions.com/top-dark-kitchen-cabinet-colors-and-design-inspiration/,pending,page,2026-01-13T13:36:06.284Z,2026-01-13T13:18:37.155Z,2026-01-13T13:36:07.995Z
48,https://georgeconstructions.com/top-10-stone-types-applied-in-construction-projects/,pending,page,2026-01-13T13:36:06.284Z,2026-01-13T13:18:37.226Z,2026-01-13T13:36:08.043Z
49,https://georgeconstructions.com/top-20-granite-companies-in-2025/,pending,page,2026-01-13T13:36:06.284Z,2026-01-13T13:18:37.287Z,2026-01-13T13:36:08.100Z
50,https://georgeconstructions.com/top-10-best-door-and-window-suppliers-in-china/,pending,page,2026-01-13T13:36:06.284Z,2026-01-13T13:18:37.354Z,2026-01-13T13:36:08.157Z
51,https://georgeconstructions.com/top-10-bathtub-manufacturers-in-2024/,pending,page,2026-01-13T13:36:06.284Z,2026-01-13T13:18:37.410Z,2026-01-13T13:36:08.216Z
52,https://georgeconstructions.com/where-to-buy-vanities-for-bathrooms/,pending,page,2026-01-13T13:36:06.284Z,2026-01-13T13:18:37.488Z,2026-01-13T13:36:08.268Z
53,https://georgeconstructions.com/top-15-outdoor-lighting-companies/,pending,page,2026-01-13T13:36:06.284Z,2026-01-13T13:18:37.552Z,2026-01-13T13:36:08.317Z
54,https://georgeconstructions.com/how-to-choose-bathtub-sizes-the-complete-manual/,pending,page,2026-01-13T13:36:06.284Z,2026-01-13T13:18:37.621Z,2026-01-13T13:36:08.381Z
55,https://georgeconstructions.com/popular-types-of-bifold-garage-doors/,pending,page,2026-01-13T13:36:06.284Z,2026-01-13T13:18:37.686Z,2026-01-13T13:36:08.433Z
56,https://georgeconstructions.com/different-types-of-toilet-flush-systems/,pending,page,2026-01-13T13:36:06.284Z,2026-01-13T13:18:37.770Z,2026-01-13T13:36:08.541Z
57,https://georgeconstructions.com/a-cedar-closet-the-ultimate-guide/,pending,page,2026-01-13T13:36:06.284Z,2026-01-13T13:18:37.855Z,2026-01-13T13:36:08.610Z
58,https://georgeconstructions.com/types-of-closets-how-to-choose-the-right-storage/,pending,page,2026-01-13T13:36:06.284Z,2026-01-13T13:18:37.912Z,2026-01-13T13:36:08.667Z
59,https://georgeconstructions.com/how-much-does-it-cost-for-a-walk-in-shower/,pending,page,2026-01-13T13:36:06.284Z,2026-01-13T13:18:37.971Z,2026-01-13T13:36:08.725Z
60,https://georgeconstructions.com/common-wall-hung-toilet-problems-and-solutions/,pending,page,2026-01-13T13:36:06.284Z,2026-01-13T13:18:38.033Z,2026-01-13T13:36:08.780Z
61,https://georgeconstructions.com/top-10-toilet-brands-for-your-projects-latest-2025-ranking/,pending,page,2026-01-13T13:36:06.284Z,2026-01-13T13:18:38.096Z,2026-01-13T13:36:08.833Z
62,https://georgeconstructions.com/popular-trends-of-wooden-bathroom-vanity/,pending,page,2026-01-13T13:36:06.284Z,2026-01-13T13:18:38.152Z,2026-01-13T13:36:08.885Z
63,https://georgeconstructions.com/best-modern-kitchen-cabinet-designs-2024/,pending,page,2026-01-13T13:36:06.284Z,2026-01-13T13:18:38.216Z,2026-01-13T13:36:08.941Z
64,https://georgeconstructions.com/how-to-choose-the-right-queen-size-sofa-bed-the-complete-guide/,pending,page,2026-01-13T13:36:06.284Z,2026-01-13T13:18:38.271Z,2026-01-13T13:36:08.993Z
65,https://georgeconstructions.com/dining-table-sizes-the-complete-guide/,pending,page,2026-01-13T13:36:06.284Z,2026-01-13T13:18:38.327Z,2026-01-13T13:36:09.050Z
66,https://georgeconstructions.com/king-size-bed-dimensions-the-complete-sizing-guide/,pending,page,2026-01-13T13:36:06.284Z,2026-01-13T13:18:38.388Z,2026-01-13T13:36:09.098Z
67,https://georgeconstructions.com/cherry-kitchen-cabinets-everything-you-should-know/,pending,page,2026-01-13T13:36:06.284Z,2026-01-13T13:18:38.447Z,2026-01-13T13:36:09.171Z
68,https://georgeconstructions.com/15-different-types-of-furniture-styles-guide/,pending,page,2026-01-13T13:36:06.284Z,2026-01-13T13:18:38.520Z,2026-01-13T13:36:09.227Z
69,https://georgeconstructions.com/best-material-for-sofa-10-different-types-of-couch-material-options/,pending,page,2026-01-13T13:36:06.284Z,2026-01-13T13:18:38.594Z,2026-01-13T13:36:09.295Z
70,https://georgeconstructions.com/top-greige-kitchen-cabinets-designs/,pending,page,2026-01-13T13:36:06.284Z,2026-01-13T13:18:38.661Z,2026-01-13T13:36:09.356Z
71,https://georgeconstructions.com/standard-bathroom-dimensions-and-sizes-for-buildings/,pending,page,2026-01-13T13:36:06.284Z,2026-01-13T13:18:38.734Z,2026-01-13T13:36:09.451Z
72,https://georgeconstructions.com/2025-interior-design-trends-these-are-the-top-20-hottest/,pending,page,2026-01-13T13:36:06.284Z,2026-01-13T13:18:38.799Z,2026-01-13T13:36:09.521Z
73,https://georgeconstructions.com/whole-house-customization-the-complete-manual/,pending,page,2026-01-13T13:36:06.284Z,2026-01-13T13:18:38.880Z,2026-01-13T13:36:09.583Z
74,https://georgeconstructions.com/top-15-wood-door-manufacturers-in-china/,pending,page,2026-01-13T13:36:06.284Z,2026-01-13T13:18:38.966Z,2026-01-13T13:36:09.663Z
75,https://georgeconstructions.com/top-10-lighting-manufacturers-for-resident-and-hospitality/,pending,page,2026-01-13T13:36:06.284Z,2026-01-13T13:18:39.030Z,2026-01-13T13:36:09.726Z
76,https://georgeconstructions.com/top-15-kitchen-cabinet-factory-in-china/,pending,page,2026-01-13T13:36:06.284Z,2026-01-13T13:18:39.098Z,2026-01-13T13:36:09.796Z
77,https://georgeconstructions.com/china-custom-furniture-solutions/,pending,page,2026-01-13T13:36:06.284Z,2026-01-13T13:18:39.168Z,2026-01-13T13:36:09.861Z
78,https://georgeconstructions.com/when-should-you-finalize-interior-finish-palette-complete-guide/,pending,page,2026-01-13T13:36:06.284Z,2026-01-13T13:18:39.236Z,2026-01-13T13:36:09.924Z
79,https://georgeconstructions.com/best-undermount-sink-selection-the-ultimate-guide/,pending,page,2026-01-13T13:36:06.284Z,2026-01-13T13:18:39.320Z,2026-01-13T13:36:09.986Z
80,https://georgeconstructions.com/top-10-modern-grey-kitchen-cabinets-ideas/,pending,page,2026-01-13T13:36:06.284Z,2026-01-13T13:18:39.397Z,2026-01-13T13:36:10.058Z
81,https://georgeconstructions.com/6-popular-types-of-casement-windows-designs/,pending,page,2026-01-13T13:36:06.284Z,2026-01-13T13:18:39.461Z,2026-01-13T13:36:10.120Z
82,https://georgeconstructions.com/quartz-vs-quartzite-countertops-a-guide/,pending,page,2026-01-13T13:36:06.284Z,2026-01-13T13:18:39.525Z,2026-01-13T13:36:10.189Z
83,https://georgeconstructions.com/best-window-and-door-manufacturers-in-china/,pending,page,2026-01-13T13:36:06.284Z,2026-01-13T13:18:39.598Z,2026-01-13T13:36:10.257Z
84,https://georgeconstructions.com/15-top-ideas-for-bedroom-interior-design-for-pure-relaxation/,pending,page,2026-01-13T13:36:06.284Z,2026-01-13T13:18:39.682Z,2026-01-13T13:36:10.318Z
85,https://georgeconstructions.com/how-to-determine-your-interior-design-furniture-investment-the-ultimate-guide/,pending,page,2026-01-13T13:36:06.284Z,2026-01-13T13:18:39.757Z,2026-01-13T13:36:10.380Z
86,https://georgeconstructions.com/whole-house-customization-10-customisation-tips-for-any-home/,pending,page,2026-01-13T13:36:06.284Z,2026-01-13T13:18:39.830Z,2026-01-13T13:36:10.453Z
87,https://georgeconstructions.com/casement-windows-the-ultimate-guide/,pending,page,2026-01-13T13:36:06.284Z,2026-01-13T13:18:39.895Z,2026-01-13T13:36:10.531Z
88,https://georgeconstructions.com/2025-top-10-recliner-brands-complete-guide/,pending,page,2026-01-13T13:36:06.284Z,2026-01-13T13:18:39.955Z,2026-01-13T13:36:10.592Z
89,https://georgeconstructions.com/the-hottest-kitchen-trends-2025-25-must-have-designs-ideas/,pending,page,2026-01-13T13:36:06.284Z,2026-01-13T13:18:40.025Z,2026-01-13T13:36:10.656Z
90,https://georgeconstructions.com/25-interior-design-styles-the-best-guide-for-2025-decorating-ideas/,pending,page,2026-01-13T13:36:06.284Z,2026-01-13T13:18:40.095Z,2026-01-13T13:36:10.715Z
91,https://georgeconstructions.com/standard-closet-dimensions-a-complete-guide-for-every-space/,pending,page,2026-01-13T13:36:06.284Z,2026-01-13T13:18:40.160Z,2026-01-13T13:36:10.799Z
92,https://georgeconstructions.com/white-oak-cabinets-the-must-have-wood-for-modern-kitchens/,pending,page,2026-01-13T13:36:06.284Z,2026-01-13T13:18:40.244Z,2026-01-13T13:36:10.861Z
93,https://georgeconstructions.com/top-20-popular-white-granite-colors-for-2025/,pending,page,2026-01-13T13:36:06.284Z,2026-01-13T13:18:40.310Z,2026-01-13T13:36:10.926Z
94,https://georgeconstructions.com/blue-and-gold-marble-backsplash-tile-perfect-choice/,pending,page,2026-01-13T13:36:06.284Z,2026-01-13T13:18:40.377Z,2026-01-13T13:36:11.000Z
95,https://georgeconstructions.com/mirror-closet-doors-the-ultimate-home-upgrade-for-2025/,pending,page,2026-01-13T13:36:06.284Z,2026-01-13T13:18:40.441Z,2026-01-13T13:36:11.070Z
96,https://georgeconstructions.com/custom-closet-dimensions-a-guide-to-standard-closet-sizes/,pending,page,2026-01-13T13:36:06.284Z,2026-01-13T13:18:40.499Z,2026-01-13T13:36:11.130Z
97,https://georgeconstructions.com/the-ultimate-guide-to-l-shaped-wardrobe/,pending,page,2026-01-13T13:36:06.284Z,2026-01-13T13:18:40.573Z,2026-01-13T13:36:11.184Z
98,https://georgeconstructions.com/calacatta-gold-marble-perfect-choice/,pending,page,2026-01-13T13:36:06.284Z,2026-01-13T13:18:40.657Z,2026-01-13T13:36:11.231Z
99,https://georgeconstructions.com/the-ultimate-guide-to-calacatta-gold-quartz-for-2025/,pending,page,2026-01-13T13:36:06.284Z,2026-01-13T13:18:40.719Z,2026-01-13T13:36:11.284Z
100,https://georgeconstructions.com/calacatta-viola-marble-everything-you-need-to-know/,pending,page,2026-01-13T13:36:06.284Z,2026-01-13T13:18:40.800Z,2026-01-13T13:36:11.331Z
101,https://georgeconstructions.com/calacatta-white-quartz-the-detailed-guide-for-2025/,pending,page,2026-01-13T13:36:06.284Z,2026-01-13T13:18:40.860Z,2026-01-13T13:36:11.393Z
102,https://georgeconstructions.com/top-15-kitchen-cabinet-companies-in-the-usa/,pending,page,2026-01-13T13:36:06.284Z,2026-01-13T13:18:40.923Z,2026-01-13T13:36:11.451Z
103,https://georgeconstructions.com/top-15-walk-in-closet-ideas-and-designs-the-complete-guide/,pending,page,2026-01-13T13:36:06.284Z,2026-01-13T13:18:40.983Z,2026-01-13T13:36:11.517Z
104,https://georgeconstructions.com/top-20-china-whole-home-customization-companies/,pending,page,2026-01-13T13:36:06.284Z,2026-01-13T13:18:41.072Z,2026-01-13T13:36:11.568Z
105,https://georgeconstructions.com/blue-fusion-quartzite-countertops-slabs-complete-guide/,pending,page,2026-01-13T13:36:06.284Z,2026-01-13T13:18:41.168Z,2026-01-13T13:36:11.624Z
106,https://georgeconstructions.com/cost-to-install-sliding-closet-doors/,pending,page,2026-01-13T13:36:06.284Z,2026-01-13T13:18:41.235Z,2026-01-13T13:36:11.682Z
107,https://georgeconstructions.com/affordable-custom-closet-installation-cost-overview/,pending,page,2026-01-13T13:36:06.284Z,2026-01-13T13:18:41.305Z,2026-01-13T13:36:11.748Z
108,https://georgeconstructions.com/shaker-vs-flat-panel-cabinets-which-is-best-for-your-kitchen/,pending,page,2026-01-13T13:36:06.284Z,2026-01-13T13:18:41.370Z,2026-01-13T13:36:11.825Z
109,https://georgeconstructions.com/white-shaker-cabinets-pros-styles-tips/,pending,page,2026-01-13T13:36:06.284Z,2026-01-13T13:18:41.437Z,2026-01-13T13:36:11.886Z
110,https://georgeconstructions.com/vinyl-plank-flooring-the-complete-pros-and-cons-guide/,pending,page,2026-01-13T13:36:06.284Z,2026-01-13T13:18:41.491Z,2026-01-13T13:36:11.948Z
111,https://georgeconstructions.com/best-living-room-flooring-ideas-for-2025/,pending,page,2026-01-13T13:36:06.284Z,2026-01-13T13:18:41.549Z,2026-01-13T13:36:12.026Z
112,https://georgeconstructions.com/10-perfect-closet-door-ideas-for-your-house/,pending,page,2026-01-13T13:36:06.284Z,2026-01-13T13:18:41.603Z,2026-01-13T13:36:12.115Z
113,https://georgeconstructions.com/how-to-choose-the-perfect-curtain-length/,pending,page,2026-01-13T13:36:06.284Z,2026-01-13T13:18:41.668Z,2026-01-13T13:36:12.181Z
114,https://georgeconstructions.com/why-you-should-add-a-pergola-to-your-house/,pending,page,2026-01-13T13:36:06.284Z,2026-01-13T13:18:41.727Z,2026-01-13T13:36:12.234Z
115,https://georgeconstructions.com/custom-closet-costs-2025-price-breakdown-budget-tips/,pending,page,2026-01-13T13:36:06.284Z,2026-01-13T13:18:41.800Z,2026-01-13T13:36:12.314Z
116,https://georgeconstructions.com/choosing-the-best-screen-door-material-for-your-home/,pending,page,2026-01-13T13:36:06.284Z,2026-01-13T13:18:41.866Z,2026-01-13T13:36:12.372Z
117,https://georgeconstructions.com/mudroom-bench-size-guide-what-you-need-to-know/,pending,page,2026-01-13T13:36:06.284Z,2026-01-13T13:18:41.931Z,2026-01-13T13:36:12.432Z
118,https://georgeconstructions.com/how-to-install-a-pocket-door-in-6-easy-steps/,pending,page,2026-01-13T13:36:06.284Z,2026-01-13T13:18:42.017Z,2026-01-13T13:36:12.503Z
119,https://georgeconstructions.com/the-ultimate-guide-to-a-no-door-closet/,pending,page,2026-01-13T13:36:06.284Z,2026-01-13T13:18:42.078Z,2026-01-13T13:36:12.562Z
120,https://georgeconstructions.com/the-complete-guide-to-floor-to-ceiling-windows/,pending,page,2026-01-13T13:36:06.284Z,2026-01-13T13:18:42.143Z,2026-01-13T13:36:12.636Z
121,https://georgeconstructions.com/10-best-closet-door-alternatives-for-every-home/,pending,page,2026-01-13T13:36:06.284Z,2026-01-13T13:18:42.214Z,2026-01-13T13:36:12.709Z
122,https://georgeconstructions.com/pantry-dimensions-guide-standard-sizes-for-every-storage-need/,pending,page,2026-01-13T13:36:06.284Z,2026-01-13T13:18:42.281Z,2026-01-13T13:36:12.767Z
123,https://georgeconstructions.com/15-types-of-windows-for-your-home-the-complete-guide/,pending,page,2026-01-13T13:36:06.284Z,2026-01-13T13:18:42.345Z,2026-01-13T13:36:12.830Z
124,https://georgeconstructions.com/standard-window-sizes-replacement-new-construction/,pending,page,2026-01-13T13:36:06.284Z,2026-01-13T13:18:42.425Z,2026-01-13T13:36:12.889Z
125,https://georgeconstructions.com/top-10-wpc-door-factory-in-china-for-2025/,pending,page,2026-01-13T13:36:06.284Z,2026-01-13T13:18:42.502Z,2026-01-13T13:36:12.952Z
126,https://georgeconstructions.com/the-complete-guide-to-double-hung-windows/,pending,page,2026-01-13T13:36:06.284Z,2026-01-13T13:18:42.576Z,2026-01-13T13:36:13.024Z
127,https://georgeconstructions.com/the-complete-guide-to-standard-shower-sizes/,pending,page,2026-01-13T13:36:06.284Z,2026-01-13T13:18:42.645Z,2026-01-13T13:36:13.087Z
128,https://georgeconstructions.com/best-kitchen-corner-cabinet-solutions/,pending,page,2026-01-13T13:36:06.284Z,2026-01-13T13:18:42.711Z,2026-01-13T13:36:13.150Z
129,https://georgeconstructions.com/standard-front-door-sizes-a-homeowners-guide/,pending,page,2026-01-13T13:36:06.284Z,2026-01-13T13:18:42.772Z,2026-01-13T13:36:13.208Z
130,https://georgeconstructions.com/are-white-oak-cabinets-right-for-your-home/,pending,page,2026-01-13T13:36:06.284Z,2026-01-13T13:18:42.882Z,2026-01-13T13:36:13.267Z
131,https://georgeconstructions.com/custom-l-shaped-closet-worth-the-investment/,pending,page,2026-01-13T13:36:06.284Z,2026-01-13T13:18:42.954Z,2026-01-13T13:36:13.339Z
132,https://georgeconstructions.com/rough-opening-for-36-door-sizing-and-installation-guide/,pending,page,2026-01-13T13:36:06.284Z,2026-01-13T13:18:43.026Z,2026-01-13T13:36:13.407Z
133,https://georgeconstructions.com/rough-opening-for-30-inch-door-guide-measurements-tips/,pending,page,2026-01-13T13:36:06.284Z,2026-01-13T13:18:43.103Z,2026-01-13T13:36:13.454Z
134,https://georgeconstructions.com/rough-opening-for-32-inch-door-dimensions-installation/,pending,page,2026-01-13T13:36:06.284Z,2026-01-13T13:18:43.176Z,2026-01-13T13:36:13.509Z
135,https://georgeconstructions.com/rough-opening-for-windows-a-complete-guide/,pending,page,2026-01-13T13:36:06.284Z,2026-01-13T13:18:43.242Z,2026-01-13T13:36:13.575Z
136,https://georgeconstructions.com/door-rough-opening-sizes-complete-guide/,pending,page,2026-01-13T13:36:06.284Z,2026-01-13T13:18:43.320Z,2026-01-13T13:36:13.626Z
137,https://georgeconstructions.com/door-swing-door-handing-what-you-need-to-know/,pending,page,2026-01-13T13:36:06.284Z,2026-01-13T13:18:43.389Z,2026-01-13T13:36:13.684Z
138,https://georgeconstructions.com/pocket-door-sizes-standard-custom-options-room-by-room-tips/,pending,page,2026-01-13T13:36:06.284Z,2026-01-13T13:18:43.472Z,2026-01-13T13:36:13.735Z
139,https://georgeconstructions.com/top-15-window-glass-types-for-your-home/,pending,page,2026-01-13T13:36:06.284Z,2026-01-13T13:18:43.541Z,2026-01-13T13:36:13.792Z
140,https://georgeconstructions.com/soundproof-windows-what-they-are-how-they-work/,pending,page,2026-01-13T13:36:06.284Z,2026-01-13T13:18:43.614Z,2026-01-13T13:36:13.836Z
141,https://georgeconstructions.com/3-glass-wall-systems-compared-curtain-wall-window-wall-vs-storefront/,pending,page,2026-01-13T13:36:06.284Z,2026-01-13T13:18:43.671Z,2026-01-13T13:36:13.892Z
142,https://georgeconstructions.com/standard-interior-door-sizes/,pending,page,2026-01-13T13:36:06.284Z,2026-01-13T13:18:43.738Z,2026-01-13T13:36:13.940Z
143,https://georgeconstructions.com/are-mirror-closet-doors-still-in-style/,pending,page,2026-01-13T13:36:06.284Z,2026-01-13T13:18:43.817Z,2026-01-13T13:36:13.998Z
144,https://georgeconstructions.com/standard-interior-exterior-door-dimensions-with-charts/,pending,page,2026-01-13T13:36:06.284Z,2026-01-13T13:18:43.875Z,2026-01-13T13:36:14.059Z
145,https://georgeconstructions.com/rough-openings-for-36-inch-door-perfect-installation/,pending,page,2026-01-13T13:36:06.284Z,2026-01-13T13:18:43.952Z,2026-01-13T13:36:14.119Z
146,https://georgeconstructions.com/top-15-whole-house-customization-companies-in-china-for-2025/,pending,page,2026-01-13T13:36:06.284Z,2026-01-13T13:18:44.014Z,2026-01-13T13:36:14.181Z
147,https://georgeconstructions.com/clerestory-windows-brighten-elevate-insulate-your-home-in-style/,pending,page,2026-01-13T13:36:06.284Z,2026-01-13T13:18:44.113Z,2026-01-13T13:36:14.246Z
148,https://georgeconstructions.com/top-10-arched-cabinet-trends-for-modern-interior/,pending,page,2026-01-13T13:36:06.284Z,2026-01-13T13:18:44.199Z,2026-01-13T13:36:14.292Z
149,https://georgeconstructions.com/calacatta-vs-carrara-marble-which-one-to-choose/,pending,page,2026-01-13T13:36:06.284Z,2026-01-13T13:18:44.259Z,2026-01-13T13:36:14.348Z
150,https://georgeconstructions.com/types-of-kitchen-cabinets-a-complete-guide/,pending,page,2026-01-13T13:36:06.284Z,2026-01-13T13:18:44.325Z,2026-01-13T13:36:14.408Z
151,https://georgeconstructions.com/a-complete-guide-to-ideal-kitchen-countertop-heights/,pending,page,2026-01-13T13:36:06.284Z,2026-01-13T13:18:44.388Z,2026-01-13T13:36:14.455Z
152,https://georgeconstructions.com/murphy-vs-wall-beds-which-one-is-best-for-your-room/,pending,page,2026-01-13T13:36:06.284Z,2026-01-13T13:18:44.446Z,2026-01-13T13:36:14.507Z
153,https://georgeconstructions.com/diy-barn-door-step-by-step-guide/,pending,page,2026-01-13T13:36:06.284Z,2026-01-13T13:18:44.523Z,2026-01-13T13:36:14.560Z
154,https://georgeconstructions.com/aqua-fusion-quartzite-brazil-kitchen-a-guide/,pending,page,2026-01-13T13:36:06.284Z,2026-01-13T13:18:44.575Z,2026-01-13T13:36:14.635Z
155,https://georgeconstructions.com/12-most-trendy-corner-kitchen-cabinet-ideas/,pending,page,2026-01-13T13:36:06.284Z,2026-01-13T13:18:44.631Z,2026-01-13T13:36:14.690Z
156,https://georgeconstructions.com/top-10-whole-house-customization-companies-in-china-2025/,pending,page,2026-01-13T13:36:06.284Z,2026-01-13T13:18:44.686Z,2026-01-13T13:36:14.748Z
157,https://georgeconstructions.com/10-best-doors-and-windows-manufacturers-2025/,pending,page,2026-01-13T13:36:06.284Z,2026-01-13T13:18:44.763Z,2026-01-13T13:36:14.810Z
158,https://georgeconstructions.com/calacatta-marble-buying-guide-cost-types/,pending,page,2026-01-13T13:36:06.284Z,2026-01-13T13:18:44.839Z,2026-01-13T13:36:14.872Z
159,https://georgeconstructions.com/12-most-popular-types-of-floor-tiles-pros-cons/,pending,page,2026-01-13T13:36:06.284Z,2026-01-13T13:18:44.894Z,2026-01-13T13:36:14.923Z
160,https://georgeconstructions.com/top-15-leading-fireplace-brands-a-complete-guide-2025/,pending,page,2026-01-13T13:36:06.284Z,2026-01-13T13:18:44.953Z,2026-01-13T13:36:14.986Z
161,https://georgeconstructions.com/8-types-of-patio-doors-for-every-home/,pending,page,2026-01-13T13:36:06.284Z,2026-01-13T13:18:45.016Z,2026-01-13T13:36:15.038Z
162,https://georgeconstructions.com/10-best-bathroom-vanity-manufacturers-in-2025-who-leads-the-industry/,pending,page,2026-01-13T13:36:06.284Z,2026-01-13T13:18:45.075Z,2026-01-13T13:36:15.119Z
163,https://georgeconstructions.com/10-best-shower-door-types-to-upgrade-your-bathroom/,pending,page,2026-01-13T13:36:06.284Z,2026-01-13T13:18:45.131Z,2026-01-13T13:36:15.176Z
164,https://georgeconstructions.com/accordion-doors-vs-bi-fold-doors-which-is-right-for-you/,pending,page,2026-01-13T13:36:06.284Z,2026-01-13T13:18:45.217Z,2026-01-13T13:36:15.245Z
165,https://georgeconstructions.com/casement-door-types-materials-costs-pros-cons/,pending,page,2026-01-13T13:36:06.284Z,2026-01-13T13:18:45.278Z,2026-01-13T13:36:15.309Z
166,https://georgeconstructions.com/aqua-fusion-quartzite-brazil-kitchen-all-you-need-to-know/,pending,page,2026-01-13T13:36:06.284Z,2026-01-13T13:18:45.343Z,2026-01-13T13:36:15.386Z
167,https://georgeconstructions.com/sheetrock-vs-drywall/,pending,page,2026-01-13T13:36:06.284Z,2026-01-13T13:18:45.422Z,2026-01-13T13:36:15.437Z
168,https://georgeconstructions.com/floor-to-ceiling-kitchen-cabinets-your-complete-guide/,pending,page,2026-01-13T13:36:06.284Z,2026-01-13T13:18:45.481Z,2026-01-13T13:36:15.499Z
169,https://georgeconstructions.com/full-overlay-vs-partial-overlay-cabinets-a-quick-guide/,pending,page,2026-01-13T13:36:06.284Z,2026-01-13T13:18:45.561Z,2026-01-13T13:36:15.548Z
170,https://georgeconstructions.com/knotty-alder-cabinets-rustic-charm-for-every-kitchen/,pending,page,2026-01-13T13:36:06.284Z,2026-01-13T13:18:45.637Z,2026-01-13T13:36:15.602Z
171,https://georgeconstructions.com/a-comprehensive-guide-to-closet-dimensions/,pending,page,2026-01-13T13:36:06.284Z,2026-01-13T13:18:45.706Z,2026-01-13T13:36:15.658Z
172,https://georgeconstructions.com/closet-depth-everything-you-need-to-know/,pending,page,2026-01-13T13:36:06.284Z,2026-01-13T13:18:45.762Z,2026-01-13T13:36:15.734Z
173,https://georgeconstructions.com/black-kitchen-cabinets-style-tips-top-10-ideas/,pending,page,2026-01-13T13:36:06.284Z,2026-01-13T13:18:45.837Z,2026-01-13T13:36:15.829Z
174,https://georgeconstructions.com/bifold-door-sizes-a-complete-guide-for-homeowners/,pending,page,2026-01-13T13:36:06.284Z,2026-01-13T13:18:45.909Z,2026-01-13T13:36:15.886Z
175,https://georgeconstructions.com/how-to-install-door-hinges-a-step-by-step-diy-guide/,pending,page,2026-01-13T13:36:06.284Z,2026-01-13T13:18:45.967Z,2026-01-13T13:36:15.958Z
176,https://georgeconstructions.com/ash-cabinets-your-complete-guide/,pending,page,2026-01-13T13:36:06.284Z,2026-01-13T13:18:46.027Z,2026-01-13T13:36:16.015Z
177,https://georgeconstructions.com/oak-cabinets-stylish-options-for-every-kitchen/,pending,page,2026-01-13T13:36:06.284Z,2026-01-13T13:18:46.096Z,2026-01-13T13:36:16.089Z
178,https://georgeconstructions.com/kitchen-color-schemes-top-tips-and-trends-for-2025/,pending,page,2026-01-13T13:36:06.284Z,2026-01-13T13:18:46.182Z,2026-01-13T13:36:16.145Z
179,https://georgeconstructions.com/top-10-types-of-closet-doors-find-the-best-one-for-yourself/,pending,page,2026-01-13T13:36:06.284Z,2026-01-13T13:18:46.263Z,2026-01-13T13:36:16.220Z
180,https://georgeconstructions.com/prehung-vs-slab-doors-a-detailed-comparison/,pending,page,2026-01-13T13:36:06.284Z,2026-01-13T13:18:46.333Z,2026-01-13T13:36:16.282Z
181,https://georgeconstructions.com/top-15-laundry-room-ideas-a-complete-guide/,pending,page,2026-01-13T13:36:06.284Z,2026-01-13T13:18:46.405Z,2026-01-13T13:36:16.343Z
182,https://georgeconstructions.com/kitchen-remodel-cost-what-you-really-need-to-know/,pending,page,2026-01-13T13:36:06.284Z,2026-01-13T13:18:46.480Z,2026-01-13T13:36:16.403Z
183,https://georgeconstructions.com/swing-vs-sliding-doors-find-the-right-choice-for-your-space/,pending,page,2026-01-13T13:36:06.284Z,2026-01-13T13:18:46.559Z,2026-01-13T13:36:16.460Z
184,https://georgeconstructions.com/black-vs-white-interior-doors-which-one-should-you-choose/,pending,page,2026-01-13T13:36:06.284Z,2026-01-13T13:18:46.633Z,2026-01-13T13:36:16.517Z
185,https://georgeconstructions.com/top-12-kitchen-cabinet-trends-for-2026/,pending,page,2026-01-13T13:36:06.284Z,2026-01-13T13:18:46.713Z,2026-01-13T13:36:16.604Z
186,https://georgeconstructions.com/toilet-repair-kit-complete-guide-fix-your-toilet-fast/,pending,page,2026-01-13T13:36:06.284Z,2026-01-13T13:18:46.785Z,2026-01-13T13:36:16.665Z
187,https://georgeconstructions.com/mdf-vs-pvc-wall-panels-a-comprehensive-comparison-of-key-differences/,pending,page,2026-01-13T13:36:06.284Z,2026-01-13T13:18:46.855Z,2026-01-13T13:36:16.726Z
188,https://georgeconstructions.com/cupboard-vs-cabinet-whats-the-difference-and-which-one-belongs-in-your-home/,pending,page,2026-01-13T13:36:06.284Z,2026-01-13T13:18:46.923Z,2026-01-13T13:36:16.783Z
189,https://georgeconstructions.com/mdf-vs-mfc-pick-the-right-material-for-yourself/,pending,page,2026-01-13T13:36:06.284Z,2026-01-13T13:18:47.019Z,2026-01-13T13:36:16.847Z
190,https://georgeconstructions.com/tankless-toilet-the-modern-bathroom-upgrade-you-need/,pending,page,2026-01-13T13:36:06.284Z,2026-01-13T13:18:47.115Z,2026-01-13T13:36:16.922Z
191,https://georgeconstructions.com/top-15-aluminium-window-manufacturers-in-2026/,pending,page,2026-01-13T13:36:06.284Z,2026-01-13T13:18:47.178Z,2026-01-13T13:36:16.985Z
192,https://georgeconstructions.com/top-50-kitchen-cabinet-brands-in-the-usa/,pending,page,2026-01-13T13:36:06.284Z,2026-01-13T13:18:47.240Z,2026-01-13T13:36:17.053Z
193,https://georgeconstructions.com/types-of-kitchen-countertops-find-the-ideal-one-for-yourself/,pending,page,2026-01-13T13:36:06.284Z,2026-01-13T13:18:47.311Z,2026-01-13T13:36:17.112Z
194,https://georgeconstructions.com/20-walk-in-shower-ideas-that-will-transform-your-bathroom/,pending,page,2026-01-13T13:36:06.284Z,2026-01-13T13:18:47.378Z,2026-01-13T13:36:17.188Z
195,https://georgeconstructions.com/kitchen-backsplash-tile-made-simple/,pending,page,2026-01-13T13:36:06.284Z,2026-01-13T13:18:47.442Z,2026-01-13T13:36:17.245Z
196,https://georgeconstructions.com/kitchen-counter-decor-ideas-everyone-needs-to-know/,pending,page,2026-01-13T13:36:06.284Z,2026-01-13T13:18:47.525Z,2026-01-13T13:36:17.316Z
197,https://georgeconstructions.com/top-12-flooring-trends-for-2026/,pending,page,2026-01-13T13:36:06.284Z,2026-01-13T13:18:47.585Z,2026-01-13T13:36:17.373Z
198,https://georgeconstructions.com/thinking-about-mdf-kitchen-cabinets-read-this-first/,pending,page,2026-01-13T13:36:06.284Z,2026-01-13T13:18:47.647Z,2026-01-13T13:36:17.425Z
199,https://georgeconstructions.com/garden-windows-everything-you-need-to-know/,pending,page,2026-01-13T13:36:06.284Z,2026-01-13T13:18:47.722Z,2026-01-13T13:36:17.480Z
200,https://georgeconstructions.com/gable-windows/,pending,page,2026-01-13T13:36:06.284Z,2026-01-13T13:18:47.784Z,2026-01-13T13:36:17.527Z
201,https://georgeconstructions.com/frosted-window/,pending,page,2026-01-13T13:36:06.284Z,2026-01-13T13:18:47.854Z,2026-01-13T13:36:17.586Z
202,https://georgeconstructions.com/luxury-kitchen-designs-for-every-style-and-budget/,pending,page,2026-01-13T13:36:06.284Z,2026-01-13T13:18:47.915Z,2026-01-13T13:36:17.658Z
203,https://georgeconstructions.com/grey-kitchen-cabinet-fresh-ideas-smart-choices/,pending,page,2026-01-13T13:36:06.284Z,2026-01-13T13:18:48.006Z,2026-01-13T13:36:17.720Z
204,https://georgeconstructions.com/top-10-luxury-furniture-brands-for-homeowners-in-2026/,pending,page,2026-01-13T13:36:06.284Z,2026-01-13T13:18:48.089Z,2026-01-13T13:36:17.789Z
205,https://georgeconstructions.com/kitchen-size-how-to-select-the-dimensions/,pending,page,2026-01-13T13:36:06.284Z,2026-01-13T13:18:48.144Z,2026-01-13T13:36:17.847Z
206,https://georgeconstructions.com/top-15-modern-living-room-2026-ideas/,pending,page,2026-01-13T13:36:06.284Z,2026-01-13T13:18:48.205Z,2026-01-13T13:36:17.908Z
207,https://georgeconstructions.com/modern-vs-traditional-vs-transitional-kitchens-find-your-fit/,pending,page,2026-01-13T13:36:06.284Z,2026-01-13T13:18:48.270Z,2026-01-13T13:36:17.974Z
208,https://georgeconstructions.com/what-are-shaker-cabinets-a-comprehensive-guide/,pending,page,2026-01-13T13:36:06.284Z,2026-01-13T13:18:48.332Z,2026-01-13T13:36:18.036Z
209,https://georgeconstructions.com/farmhouse-sink-what-you-need-to-know-before-purchasing/,pending,page,2026-01-13T13:36:06.284Z,2026-01-13T13:18:48.413Z,2026-01-13T13:36:18.094Z
210,https://georgeconstructions.com/standard-door-dimensions-complete-guide-to-height-width-thickness-for-home-renovations/,pending,page,2026-01-13T13:36:06.284Z,2026-01-13T13:18:48.505Z,2026-01-13T13:36:18.152Z
211,https://georgeconstructions.com/10-mistakes-to-avoid-when-importing-building-materials-from-china/,pending,page,2026-01-13T13:36:06.284Z,2026-01-13T13:18:48.569Z,2026-01-13T13:36:18.212Z
212,https://georgeconstructions.com/what-is-a-toe-kick/,pending,page,2026-01-13T13:36:06.284Z,2026-01-13T13:18:48.633Z,2026-01-13T13:36:18.282Z
213,https://georgeconstructions.com/counter-height-vs-bar-height-kitchen-islands/,pending,page,2026-01-13T13:36:06.284Z,2026-01-13T13:18:48.687Z,2026-01-13T13:36:18.346Z
214,https://georgeconstructions.com/barn-door-sizes-standard-custom-measuring-guide/,pending,page,2026-01-13T13:36:06.284Z,2026-01-13T13:18:48.764Z,2026-01-13T13:36:18.406Z
215,https://georgeconstructions.com/taupe-cabinets-shades-styling-tips-pairing-ideas-and-more/,pending,page,2026-01-13T13:36:06.284Z,2026-01-13T13:18:48.821Z,2026-01-13T13:36:18.475Z
216,https://georgeconstructions.com/how-to-choose-the-right-bathroom-vanity-height/,pending,page,2026-01-13T13:36:06.284Z,2026-01-13T13:18:48.895Z,2026-01-13T13:36:18.554Z
217,https://georgeconstructions.com/10-hotel-room-decoration-ideas-the-ultimate-guide/,pending,page,2026-01-13T13:36:06.284Z,2026-01-13T13:18:48.961Z,2026-01-13T13:36:18.605Z
218,https://georgeconstructions.com/two-tone-kitchen-cabinets-that-actually-work-in-2026/,pending,page,2026-01-13T13:36:06.284Z,2026-01-13T13:18:49.031Z,2026-01-13T13:36:18.656Z
219,https://georgeconstructions.com/kitchen-island-measurements-how-to-get-the-size-right/,pending,page,2026-01-13T13:36:06.284Z,2026-01-13T13:18:49.100Z,2026-01-13T13:36:18.707Z
220,https://georgeconstructions.com/kitchen-window-guide-2026-sizes-styles-smart-placement/,pending,page,2026-01-13T13:36:06.284Z,2026-01-13T13:18:49.162Z,2026-01-13T13:36:18.758Z
221,https://georgeconstructions.com/vinyl-vs-aluminum-windows-choose-the-right-material/,pending,page,2026-01-13T13:36:06.284Z,2026-01-13T13:18:49.235Z,2026-01-13T13:36:18.819Z
222,https://georgeconstructions.com/standard-shower-head-height-a-must-read-before-you-buy/,pending,page,2026-01-13T13:36:06.284Z,2026-01-13T13:18:49.312Z,2026-01-13T13:36:18.879Z
223,https://georgeconstructions.com/drawers-in-drawers-a-smart-storage-upgrade-for-2026/,pending,page,2026-01-13T13:36:06.284Z,2026-01-13T13:18:49.399Z,2026-01-13T13:36:18.939Z
224,https://georgeconstructions.com/2026-standard-kitchen-cabinet-sizes-guide/,pending,page,2026-01-13T13:36:06.284Z,2026-01-13T13:18:49.477Z,2026-01-13T13:36:19.003Z
225,https://georgeconstructions.com/hassock-vs-ottoman/,pending,page,2026-01-13T13:36:06.284Z,2026-01-13T13:18:49.597Z,2026-01-13T13:36:19.066Z
226,https://georgeconstructions.com/standard-toilet-height-a-complete-guide-for-every-home/,pending,page,2026-01-13T13:36:06.284Z,2026-01-13T13:18:49.673Z,2026-01-13T13:36:19.132Z
227,https://georgeconstructions.com/pergola-roof-ultimate-guide-how-to-choose-the-best-one/,pending,page,2026-01-13T13:36:06.284Z,2026-01-13T13:18:49.749Z,2026-01-13T13:36:19.203Z
228,https://georgeconstructions.com/double-vanity-dimensions-the-complete-size-layout-guide/,pending,page,2026-01-13T13:36:06.284Z,2026-01-13T13:18:49.814Z,2026-01-13T13:36:19.264Z
229,https://georgeconstructions.com/bypass-doors-brief-guide-types-sizes-installation-more/,pending,page,2026-01-13T13:36:06.284Z,2026-01-13T13:18:49.886Z,2026-01-13T13:36:19.324Z
230,https://georgeconstructions.com/kitchen-curtain-ideas-for-2026-styles-that-actually-work/,pending,page,2026-01-13T13:36:06.284Z,2026-01-13T13:18:49.946Z,2026-01-13T13:36:19.383Z
231,https://georgeconstructions.com/butlers-pantry-ideas-that-truly-work-make-life-easier/,pending,page,2026-01-13T13:36:06.284Z,2026-01-13T13:18:50.017Z,2026-01-13T13:36:19.435Z
232,https://georgeconstructions.com/mudroom-storage/,pending,page,2026-01-13T13:36:06.284Z,2026-01-13T13:18:50.111Z,2026-01-13T13:36:19.479Z
233,https://georgeconstructions.com/rta-cabinets/,pending,page,2026-01-13T13:36:06.284Z,2026-01-13T13:18:50.180Z,2026-01-13T13:36:19.529Z
234,https://georgeconstructions.com/choose-ideal-kitchen-sink-dimensions-for-a-30-inch-cabinet/,pending,page,2026-01-13T13:36:06.284Z,2026-01-13T13:18:50.258Z,2026-01-13T13:36:19.587Z
235,https://georgeconstructions.com/kitchen-cabinet-materials/,pending,page,2026-01-13T13:36:06.284Z,2026-01-13T13:18:50.322Z,2026-01-13T13:36:19.650Z
236,https://georgeconstructions.com/standard-french-door-size-the-complete-guide-for-homeowners/,pending,page,2026-01-13T13:36:06.284Z,2026-01-13T13:18:50.393Z,2026-01-13T13:36:19.713Z
237,https://georgeconstructions.com/what-is-an-ottoman-all-you-need-to-know/,pending,page,2026-01-13T13:36:06.284Z,2026-01-13T13:18:50.454Z,2026-01-13T13:36:19.767Z